<?xml version="1.0" encoding="UTF-8"?>
<CodeSystem xmlns="http://hl7.org/fhir">
	<id value="CareConnect-OutcomeOfAttendance-1"/>
	<extension url="http://hl7.org/fhir/StructureDefinition/codesystem-sourceReference">
		<valueUri value="http://www.datadictionary.nhs.uk/data_dictionary/attributes/o/out/outcome_of_attendance_de.asp?shownav=1"/>
	</extension>
	<url value="https://fhir.hl7.org.uk/STU3/CodeSystem/CareConnect-OutcomeOfAttendance-1"/>
	<version value="1.0.0"/>
	<name value="NHS Data Model and Dictionary Outcome of Attendance"/>
	<status value="draft"/>
	<date value="2018-03-06T00:00:00+00:00"/>
	<publisher value="HL7 UK"/>
	<description value="This records the outcome of an Out-Patient Attendance Consultant."/>
	<copyright value="Copyright © 2016 HL7 UK"/>
	<content value="complete"/>
	<concept>
		<code value="1"/>
		<display value="Discharged from Consultant's care (last attendance)"/>
	</concept>
	<concept>
		<code value="2"/>
		<display value="Another Appointment given"/>
	</concept>
	<concept>
		<code value="3"/>
		<display value="Appointment to be made at a later date"/>
	</concept>
</CodeSystem>
