<?xml version="1.0" encoding="UTF-8"?>
<CodeSystem xmlns="http://hl7.org/fhir">
	<id value="CareConnect-LanguageAbilityProficiency-1"/>
	<url value="https://fhir.hl7.org.uk/STU3/CodeSystem/CareConnect-LanguageAbilityProficiency-1"/>
	<version value="1.0.0"/>
	<name value="Care Connect Language Ability Proficiency"/>
	<status value="draft"/>
	<date value="2017-08-01T00:00:00+00:00"/>
	<publisher value="HL7 UK"/>
	<description value="A CodeSystem to identify the level of proficiency in communicating a language."/>
	<copyright value="Copyright © 2016 HL7 UK"/>
	<caseSensitive value="true"/>
	<content value="complete"/>
	<concept>
		<code value="E"/>
		<display value="Excellent"/>
	</concept>
	<concept>
		<code value="F"/>
		<display value="Fair"/>
	</concept>
	<concept>
		<code value="G"/>
		<display value="Good"/>
	</concept>
	<concept>
		<code value="P"/>
		<display value="Poor"/>
	</concept>
</CodeSystem>
