<?xml version="1.0" encoding="UTF-8"?>
<CodeSystem xmlns="http://hl7.org/fhir">
	<id value="CareConnect-ResidentialStatus-1"/>
	<url value="https://fhir.hl7.org.uk/STU3/CodeSystem/CareConnect-ResidentialStatus-1"/>
	<version value="1.0.0"/>
	<name value="Care Connect Residential Status"/>
	<status value="draft"/>
	<date value="2017-08-01T00:00:00+00:00"/>
	<publisher value="HL7 UK"/>
	<description value="A CodeSystem that identifies the residential status of a patient."/>
	<copyright value="Copyright © 2016 HL7 UK"/>
	<caseSensitive value="true"/>
	<content value="complete"/>
	<concept>
		<code value="H"/>
		<display value="UK Resident"/>
	</concept>
	<concept>
		<code value="O"/>
		<display value="Overseas Resident"/>
	</concept>
</CodeSystem>
