﻿<?xml version="1.0" encoding="utf-8"?>
<StructureDefinition xmlns="http://hl7.org/fhir">
  <meta>
    <lastUpdated value="2018-03-06T15:01:11.048+00:00" />
  </meta>
  <url value="https://fhir.hl7.org.uk/STU3/StructureDefinition/Extension-CareConnect-TreatmentCategory-1" />
  <version value="1.0.0" />
  <name value="Extension-CareConnect-TreatmentCategory-1" />
  <status value="draft" />
  <date value="2017-06-07T17:15:02.5477156+01:00" />
  <publisher value="HL7 UK" />
  <description value="This extension is constrained to represent the treatment category for a patient." />
  <copyright value="Copyright © 2016 HL7 UK&#xD;&#xA;&#xD;&#xA;Licensed under the Apache License, Version 2.0 (the &quot;License&quot;); you may not use this file except in compliance with the License. You may obtain a copy of the License at&#xD;&#xA;&#xD;&#xA;http://www.apache.org/licenses/LICENSE-2.0&#xD;&#xA;&#xD;&#xA;Unless required by applicable law or agreed to in writing, software distributed under the License is distributed on an &quot;AS IS&quot; BASIS, WITHOUT WARRANTIES OR CONDITIONS OF ANY KIND, either express or implied. See the License for the specific language governing permissions and limitations under the License.&#xD;&#xA;&#xD;&#xA;HL7® FHIR® standard Copyright © 2011+ HL7&#xD;&#xA;&#xD;&#xA;The HL7® FHIR® standard is used under the FHIR license. You may obtain a copy of the FHIR license at&#xD;&#xA;&#xD;&#xA;https://www.hl7.org/fhir/license.html" />
  <fhirVersion value="3.0.0" />
  <kind value="complex-type" />
  <abstract value="false" />
  <contextType value="resource" />
  <context value="Patient" />
  <type value="Extension" />
  <baseDefinition value="http://hl7.org/fhir/StructureDefinition/Extension" />
  <derivation value="constraint" />
  <snapshot>
    <element id="Extension">
      <path value="Extension" />
      <short value="The treatment category for this patient" />
      <definition value="The treatment category for this patient. For example if this patient is entitled to free healthcare treatment." />
      <min value="0" />
      <max value="1" />
      <base>
        <path value="Element" />
        <min value="0" />
        <max value="*" />
      </base>
      <condition value="ele-1" />
      <constraint>
        <key value="ele-1" />
        <severity value="error" />
        <human value="All FHIR elements must have a @value or children" />
        <expression value="hasValue() | (children().count() &gt; id.count())" />
        <xpath value="@value|f:*|h:div" />
      </constraint>
      <constraint>
        <key value="ext-1" />
        <severity value="error" />
        <human value="Must have either extensions or value[x], not both" />
        <expression value="extension.exists() != value.exists()" />
        <xpath value="exists(f:extension)!=exists(f:*[starts-with(local-name(.), 'value')])" />
      </constraint>
      <mapping>
        <identity value="rim" />
        <map value="n/a" />
      </mapping>
      <mapping>
        <identity value="rim" />
        <map value="N/A" />
      </mapping>
    </element>
    <element id="Extension.id">
      <path value="Extension.id" />
      <representation value="xmlAttr" />
      <short value="xml:id (or equivalent in JSON)" />
      <definition value="unique id for the element within a resource (for internal references). This may be any string value that does not contain spaces." />
      <comment value="Note that FHIR strings may not exceed 1MB in size" />
      <min value="0" />
      <max value="1" />
      <base>
        <path value="Element.id" />
        <min value="0" />
        <max value="1" />
      </base>
      <type>
        <code value="string" />
      </type>
      <condition value="ele-1" />
      <constraint>
        <key value="ele-1" />
        <severity value="error" />
        <human value="All FHIR elements must have a @value or children" />
        <expression value="hasValue() | (children().count() &gt; id.count())" />
        <xpath value="@value|f:*|h:div" />
      </constraint>
      <mapping>
        <identity value="rim" />
        <map value="n/a" />
      </mapping>
    </element>
    <element id="Extension.extension">
      <path value="Extension.extension" />
      <slicing>
        <discriminator>
          <type value="value" />
          <path value="url" />
        </discriminator>
        <description value="Extensions are always sliced by (at least) url" />
        <rules value="open" />
      </slicing>
      <short value="Additional Content defined by implementations" />
      <definition value="May be used to represent additional information that is not part of the basic definition of the element. In order to make the use of extensions safe and manageable, there is a strict set of governance  applied to the definition and use of extensions. Though any implementer is allowed to define an extension, there is a set of requirements that SHALL be met as part of the definition of the extension." />
      <comment value="There can be no stigma associated with the use of extensions by any application, project, or standard - regardless of the institution or jurisdiction that uses or defines the extensions.  The use of extensions is what allows the FHIR specification to retain a core level of simplicity for everyone." />
      <alias value="extensions" />
      <alias value="user content" />
      <min value="0" />
      <max value="*" />
      <base>
        <path value="Element.extension" />
        <min value="0" />
        <max value="*" />
      </base>
      <type>
        <code value="Extension" />
      </type>
      <condition value="ele-1" />
      <constraint>
        <key value="ele-1" />
        <severity value="error" />
        <human value="All FHIR elements must have a @value or children" />
        <expression value="hasValue() | (children().count() &gt; id.count())" />
        <xpath value="@value|f:*|h:div" />
      </constraint>
      <constraint>
        <key value="ext-1" />
        <severity value="error" />
        <human value="Must have either extensions or value[x], not both" />
        <expression value="extension.exists() != value.exists()" />
        <xpath value="exists(f:extension)!=exists(f:*[starts-with(local-name(.), 'value')])" />
      </constraint>
      <mapping>
        <identity value="rim" />
        <map value="n/a" />
      </mapping>
      <mapping>
        <identity value="rim" />
        <map value="N/A" />
      </mapping>
    </element>
    <element id="Extension.url">
      <path value="Extension.url" />
      <representation value="xmlAttr" />
      <short value="identifies the meaning of the extension" />
      <definition value="Source of the definition for the extension code - a logical name or a URL." />
      <comment value="The definition may point directly to a computable or human-readable definition of the extensibility codes, or it may be a logical URI as declared in some other specification. The definition SHALL be a URI for the Structure Definition defining the extension." />
      <min value="1" />
      <max value="1" />
      <base>
        <path value="Extension.url" />
        <min value="1" />
        <max value="1" />
      </base>
      <type>
        <code value="uri" />
      </type>
      <fixedUri value="https://fhir.hl7.org.uk/STU3/StructureDefinition/Extension-CareConnect-TreatmentCategory-1" />
      <condition value="ele-1" />
      <constraint>
        <key value="ele-1" />
        <severity value="error" />
        <human value="All FHIR elements must have a @value or children" />
        <expression value="hasValue() | (children().count() &gt; id.count())" />
        <xpath value="@value|f:*|h:div" />
      </constraint>
      <mapping>
        <identity value="rim" />
        <map value="n/a" />
      </mapping>
      <mapping>
        <identity value="rim" />
        <map value="N/A" />
      </mapping>
    </element>
    <element id="Extension.valueCodeableConcept:valueCodeableConcept">
      <path value="Extension.valueCodeableConcept" />
      <sliceName value="valueCodeableConcept" />
      <short value="The treatment category under which patient is treated" />
      <definition value="A vocabulary that identifies the treatment category for this patient." />
      <comment value="A stream of bytes, base64 encoded" />
      <min value="0" />
      <max value="1" />
      <base>
        <path value="Extension.value[x]" />
        <min value="0" />
        <max value="1" />
      </base>
      <type>
        <code value="CodeableConcept" />
      </type>
      <condition value="ele-1" />
      <constraint>
        <key value="ele-1" />
        <severity value="error" />
        <human value="All FHIR elements must have a @value or children" />
        <expression value="hasValue() | (children().count() &gt; id.count())" />
        <xpath value="@value|f:*|h:div" />
      </constraint>
      <binding>
        <strength value="required" />
        <description value="Treatment Category" />
        <valueSetReference>
          <reference value="https://fhir.hl7.org.uk/STU3/ValueSet/CareConnect-TreatmentCategory-1" />
        </valueSetReference>
      </binding>
      <mapping>
        <identity value="rim" />
        <map value="n/a" />
      </mapping>
      <mapping>
        <identity value="rim" />
        <map value="N/A" />
      </mapping>
    </element>
  </snapshot>
  <differential>
    <element id="Extension">
      <path value="Extension" />
      <short value="The treatment category for this patient" />
      <definition value="The treatment category for this patient. For example if this patient is entitled to free healthcare treatment." />
      <max value="1" />
    </element>
    <element id="Extension.url">
      <path value="Extension.url" />
      <fixedUri value="https://fhir.hl7.org.uk/STU3/StructureDefinition/Extension-CareConnect-TreatmentCategory-1" />
    </element>
    <element id="Extension.valueCodeableConcept:valueCodeableConcept">
      <path value="Extension.valueCodeableConcept" />
      <sliceName value="valueCodeableConcept" />
      <short value="The treatment category under which patient is treated" />
      <definition value="A vocabulary that identifies the treatment category for this patient." />
      <type>
        <code value="CodeableConcept" />
      </type>
      <binding>
        <strength value="required" />
        <description value="Treatment Category" />
        <valueSetReference>
          <reference value="https://fhir.hl7.org.uk/STU3/ValueSet/CareConnect-TreatmentCategory-1" />
        </valueSetReference>
      </binding>
    </element>
  </differential>
</StructureDefinition>