<?xml version="1.0" encoding="UTF-8"?>
<ValueSet xmlns="http://hl7.org/fhir">
	<id value="CareConnect-ConditionCode-1"/>
	<url value="https://fhir.hl7.org.uk/STU3/ValueSet/CareConnect-ConditionCode-1"/>
	<version value="1.0.0"/>
	<name value="Care Connect Condition Code"/>
	<status value="draft"/>
	<date value="2018-04-18T00:00:00+00:00"/>
	<publisher value="HL7 UK"/>
	<description value="A code from the SNOMED Clinical Terminology UK with the expression (&lt; 404684003 |Clinical finding| OR &lt; 413350009 |Finding with explicit context| OR &lt; 272379006 |Event|)."/>
	<copyright value="This value set includes content from SNOMED CT, which is copyright © 2002+ International Health Terminology Standards Development Organisation (IHTSDO), and distributed by agreement between IHTSDO and HL7. Implementer use of SNOMED CT is not covered by this agreement."/>
	<compose>
		<include>
			<system value="http://snomed.info/sct"/>
			<filter>
				<property value="constraint"/>
				<op value="="/>
				<value value="(&lt; 404684003 |Clinical finding| OR &lt; 413350009 |Finding with explicit context| OR &lt; 272379006 |Event|)"/>
			</filter>
		</include>
	</compose>
</ValueSet>
