<?xml version="1.0" encoding="UTF-8"?>
<ValueSet xmlns="http://hl7.org/fhir">
	<id value="CareConnect-EncounterType-1"/>
	<url value="https://fhir.hl7.org.uk/STU3/ValueSet/CareConnect-EncounterType-1"/>
	<version value="1.0.0"/>
	<name value="Care Connect Encounter Type"/>
	<status value="draft"/>
	<date value="2017-08-01T00:00:00+00:00"/>
	<publisher value="HL7 UK"/>
	<description value="A code from the SNOMED Clinical Terminology UK coding system that describes an encounter between a care professional and the patient (or patient's record). The patient may be represented by a third party such as a carer or family member. Any code from the SNOMED CT UK 'CDA Encounter Type' subset with subset original id 1341000000130; the corresponding SNOMED CT UK Refset fully specified name is 'Clinical document architecture encounter type simple reference set (foundation metadata concept)' with Refset Id 999000351000000101."/>
	<copyright value="This value set includes content from SNOMED CT, which is copyright © 2002+ International Health Terminology Standards Development Organisation (IHTSDO), and distributed by agreement between IHTSDO and HL7. Implementer use of SNOMED CT is not covered by this agreement."/>
	<compose>
		<include>
			<system value="http://snomed.info/sct"/>
			<filter>
				<property value="concept"/>
				<op value="in"/>
				<value value="999000351000000101"/>
			</filter>
		</include>
	</compose>
</ValueSet>
