<?xml version="1.0" encoding="UTF-8"?>
<ValueSet xmlns="http://hl7.org/fhir">
	<id value="CareConnect-LanguageAbilityMode-1"/>
	<url value="https://fhir.hl7.org.uk/STU3/ValueSet/CareConnect-LanguageAbilityMode-1"/>
	<identifier>
		<system value="urn:ietf:rfc:3986"/>
		<value value="urn:oid:2.16.840.1.113883.5.60"/>
	</identifier>
	<version value="1.0.0"/>
	<name value="Care Connect Language Ability Mode"/>
	<status value="draft"/>
	<date value="2017-08-01T00:00:00+00:00"/>
	<publisher value="HL7 UK"/>
	<description value="A ValueSet that identifies the mode the patient can communicate in, representing the method of expression of the language."/>
	<copyright value="Copyright © 2016 HL7 UK"/>
	<compose>
		<include>
			<system value="https://fhir.hl7.org.uk/STU3/CodeSystem/CareConnect-LanguageAbilityMode-1"/>
		</include>
	</compose>
</ValueSet>
