<?xml version="1.0" encoding="UTF-8"?>
<ValueSet xmlns="http://hl7.org/fhir">
	<id value="CareConnect-OutcomeOfAttendance-1"/>
	<extension url="http://hl7.org/fhir/StructureDefinition/valueset-sourceReference">
		<valueUri value="http://www.datadictionary.nhs.uk/data_dictionary/attributes/o/out/outcome_of_attendance_de.asp?shownav=1"/>
	</extension>	
	<url value="https://fhir.hl7.org.uk/STU3/ValueSet/CareConnect-OutcomeOfAttendance-1"/>
	<version value="1.0.0"/>
	<name value="NHS Data Model and Dictionary Outcome Of Attendance"/>
	<status value="draft"/>
	<date value="2018-02-15T00:00:00+00:00"/>
	<publisher value="HL7 UK"/>
	<description value="This records the outcome of an Out-Patient Attendance Consultant."/>
	<copyright value="Copyright © 2016 HL7 UK"/>
	<compose>
		<include>
			<system value="https://fhir.hl7.org.uk/STU3/CodeSystem/CareConnect-OutcomeOfAttendance-1"/>
		</include>
	</compose>
</ValueSet>
