<?xml version="1.0" encoding="UTF-8"?>
<ValueSet xmlns="http://hl7.org/fhir">
	<id value="CareConnect-ConditionEpisodicity-1"/>
	<extension url="http://hl7.org/fhir/StructureDefinition/valueset-map">
		<valueReference>
			<reference value="https://fhir.hl7.org.uk/STU3/ConceptMap/CareConnect-ConditionEpisodicity-1"/>
		</valueReference>
	</extension>
	<url value="https://fhir.hl7.org.uk/STU3/ValueSet/CareConnect-ConditionEpisodicity-1"/>
	<version value="1.0.0"/>
	<name value="Care Connect Condition Episodicity"/>
	<status value="draft"/>
	<date value="2017-08-01T00:00:00+00:00"/>
	<publisher value="HL7 UK"/>
	<description value="A ValueSet to identify the episodicity of a condition."/>
	<copyright value="Copyright © 2016 HL7 UK"/>
	<compose>
		<include>
			<system value="https://fhir.hl7.org.uk/STU3/CodeSystem/CareConnect-ConditionEpisodicity-1"/>
		</include>
	</compose>
</ValueSet>
